연도,자치구코드,모형,연평균_스트레스점수,연합계_총이동인구수,연평균_평균이동시간,월개수
2023,11010,CRITIC기반,16.917614812343693,15108985.53,64.66103165686023,1
2023,11010,PCA기반,30.372794925136557,15108985.53,64.66103165686023,1
2023,11010,문헌기반,27.41077101457738,15108985.53,64.66103165686023,1
2023,11020,CRITIC기반,16.77986515141567,15499624.49,63.724252287522056,1
2023,11020,PCA기반,30.534362461113442,15499624.49,63.724252287522056,1
2023,11020,문헌기반,27.62480262202518,15499624.49,63.724252287522056,1
2023,11030,CRITIC기반,12.60298477729426,12329147.13,58.208757627749286,1
2023,11030,PCA기반,23.49938761808032,12329147.13,58.208757627749286,1
2023,11030,문헌기반,21.526863867946098,12329147.13,58.208757627749286,1
2023,11040,CRITIC기반,13.677828458505463,14565625.51,55.55024537572629,1
2023,11040,PCA기반,26.536762515650093,14565625.51,55.55024537572629,1
2023,11040,문헌기반,24.438093472464722,14565625.51,55.55024537572629,1
2023,11050,CRITIC기반,14.215672301794873,15558980.75,53.9537878481718,1
2023,11050,PCA기반,28.026922462166706,15558980.75,53.9537878481718,1
2023,11050,문헌기반,25.893662873132193,15558980.75,53.9537878481718,1
2023,11060,CRITIC기반,14.199488826560987,15304664.04,54.864460046329285,1
2023,11060,PCA기반,27.763960463495984,15304664.04,54.864460046329285,1
2023,11060,문헌기반,25.59784359464358,15304664.04,54.864460046329285,1
2023,11070,CRITIC기반,11.97997712519918,13124483.6,53.62150957845494,1
2023,11070,PCA기반,23.585355287684624,13124483.6,53.62150957845494,1
2023,11070,문헌기반,21.82321533736089,13124483.6,53.62150957845494,1
2023,11080,CRITIC기반,15.700457542092698,17031148.24,54.79253693447648,1
2023,11080,PCA기반,30.844439924090725,17031148.24,54.79253693447648,1
2023,11080,문헌기반,28.435004865567368,17031148.24,54.79253693447648,1
2023,11090,CRITIC기반,10.200806319675126,10711044.08,54.89129259709021,1
2023,11090,PCA기반,19.60496213381616,10711044.08,54.89129259709021,1
2023,11090,문헌기반,18.102913501650225,10711044.08,54.89129259709021,1
2023,11100,CRITIC기반,9.337161973119098,10103835.52,53.64717965926505,1
2023,11100,PCA기반,18.230052602168765,10103835.52,53.64717965926505,1
2023,11100,문헌기반,16.878974582198467,10103835.52,53.64717965926505,1
2023,11110,CRITIC기반,17.36125181785981,19222373.55,53.684101421182184,1
2023,11110,PCA기반,34.46454969396378,19222373.55,53.684101421182184,1
2023,11110,문헌기반,31.86095729501521,19222373.55,53.684101421182184,1
2023,11120,CRITIC기반,15.134635597869426,16319301.08,54.74388748039628,1
2023,11120,PCA기반,29.64915550602746,16319301.08,54.74388748039628,1
2023,11120,문헌기반,27.343477545683793,16319301.08,54.74388748039628,1
2023,11130,CRITIC기반,14.8225105001159,15324858.959999999,57.29298305364346,1
2023,11130,PCA기반,28.38200522631276,15324858.959999999,57.29298305364346,1
2023,11130,문헌기반,26.033320107835333,15324858.959999999,57.29298305364346,1
2023,11140,CRITIC기반,18.35212285188725,19541484.23,55.71329855273179,1
2023,11140,PCA기반,35.86362738899013,19541484.23,55.71329855273179,1
2023,11140,문헌기반,32.955371163692504,19541484.23,55.71329855273179,1
2023,11150,CRITIC기반,12.043828477528844,13909122.37,51.48805062327605,1
2023,11150,PCA기반,24.34692924210622,13909122.37,51.48805062327605,1
2023,11150,문헌기반,22.647601657434006,13909122.37,51.48805062327605,1
2023,11160,CRITIC기반,19.744981903370654,21590834.53,54.749412143169394,1
2023,11160,PCA기반,39.03634007127263,21590834.53,54.749412143169394,1
2023,11160,문헌기반,35.97359172019231,21590834.53,54.749412143169394,1
2023,11170,CRITIC기반,14.801403607367538,15435788.15,56.313075826674286,1
2023,11170,PCA기반,28.541434115129878,15435788.15,56.313075826674286,1
2023,11170,문헌기반,26.22625505067134,15435788.15,56.313075826674286,1
2023,11180,CRITIC기반,8.899829024799208,8700432.18,57.50738205593992,1
2023,11180,PCA기반,16.285297261842505,8700432.18,57.50738205593992,1
2023,11180,문헌기반,15.003228779710978,8700432.18,57.50738205593992,1
2023,11190,CRITIC기반,20.610733079538136,21693268.41,57.107813601219426,1
2023,11190,PCA기반,40.14879136277116,21693268.41,57.107813601219426,1
2023,11190,문헌기반,36.7644592135842,21693268.41,57.107813601219426,1
2023,11200,CRITIC기반,13.93937670671007,14967092.48,54.94185999781218,1
2023,11200,PCA기반,27.205300042814933,14967092.48,54.94185999781218,1
2023,11200,문헌기반,25.08210284558255,14967092.48,54.94185999781218,1
2023,11210,CRITIC기반,16.384915890996123,17541249.77,55.37552820899181,1
2023,11210,PCA기반,32.02120956282018,17541249.77,55.37552820899181,1
2023,11210,문헌기반,29.470196291678985,17541249.77,55.37552820899181,1
2023,11220,CRITIC기반,25.144660978138454,25955639.74,59.20077945128408,1
2023,11220,PCA기반,48.78722117583128,25955639.74,59.20077945128408,1
2023,11220,문헌기반,44.41540072806143,25955639.74,59.20077945128408,1
2023,11230,CRITIC기반,36.86738363337291,38707875.19,59.78142188260035,1
2023,11230,PCA기반,72.55140078919638,38707875.19,59.78142188260035,1
2023,11230,문헌기반,65.84173156845138,38707875.19,59.78142188260035,1
2023,11240,CRITIC기반,29.44760358522103,31594052.59,56.42355422172029,1
2023,11240,PCA기반,58.14473371914003,31594052.59,56.42355422172029,1
2023,11240,문헌기반,53.26664560566103,31594052.59,56.42355422172029,1
2023,11250,CRITIC기반,19.08925746323608,21121694.4,53.9335917355811,1
2023,11250,PCA기반,37.92747788980543,21121694.4,53.9335917355811,1
2023,11250,문헌기반,35.03433228508465,21121694.4,53.9335917355811,1
2023,21010,CRITIC기반,44.55008953252116,11164.81,285.68119213761054,1
2023,21010,PCA기반,19.25057698247066,11164.81,285.68119213761054,1
2023,21010,문헌기반,23.908338593683034,11164.81,285.68119213761054,1
2023,21020,CRITIC기반,43.06132928919289,8257.39,278.41816934507676,1
2023,21020,PCA기반,18.602417524935337,8257.39,278.41816934507676,1
2023,21020,문헌기반,23.112257080066506,8257.39,278.41816934507676,1
2023,21030,CRITIC기반,40.037150669379045,24307.7,261.66890872609554,1
2023,21030,PCA기반,17.3572122685522,24307.7,261.66890872609554,1
2023,21030,문헌기반,21.51956667870785,24307.7,261.66890872609554,1
2023,21040,CRITIC기반,45.403040774971764,8798.36,290.4443386730739,1
2023,21040,PCA기반,19.6180918419874,8798.36,290.4443386730739,1
2023,21040,문헌기반,24.370322768351116,8798.36,290.4443386730739,1
2023,21050,CRITIC기반,43.326774290954376,31743.01,279.01167869076187,1
2023,21050,PCA기반,18.819840005693322,31743.01,279.01167869076187,1
2023,21050,문헌기반,23.30495594395071,31743.01,279.01167869076187,1
2023,21060,CRITIC기반,44.4927170901608,20622.57,285.4753695125612,1
2023,21060,PCA기반,19.279277378063334,20622.57,285.4753695125612,1
2023,21060,문헌기반,23.91021777622748,20622.57,285.4753695125612,1
2023,21070,CRITIC기반,29.117917711270636,35043.82,204.50125431440853,1
2023,21070,PCA기반,12.689713398304287,35043.82,204.50125431440853,1
2023,21070,문헌기반,15.697421291475855,35043.82,204.50125431440853,1
2023,21080,CRITIC기반,43.20109308185731,15279.49,278.64959389148333,1
2023,21080,PCA기반,18.696946836633327,15279.49,278.64959389148333,1
2023,21080,문헌기반,23.205617416404248,15279.49,278.64959389148333,1
2023,21090,CRITIC기반,48.44852952897738,57884.45,306.02780306786184,1
2023,21090,PCA기반,21.163826045474497,57884.45,306.02780306786184,1
2023,21090,문헌기반,26.122858845739522,57884.45,306.02780306786184,1
2023,21100,CRITIC기반,43.452386693462664,15501.86,279.90805691791695,1
2023,21100,PCA기반,18.804475573970844,15501.86,279.90805691791695,1
2023,21100,문헌기반,23.33592390666796,15501.86,279.90805691791695,1
2023,21110,CRITIC기반,46.52791140085082,18375.46,295.88947738558755,1
2023,21110,PCA기반,20.148724326595694,18375.46,295.88947738558755,1
2023,21110,문헌기반,24.996036441971366,18375.46,295.88947738558755,1
2023,21120,CRITIC기반,40.105783825851866,11260.72,262.0110491370694,1
2023,21120,PCA기반,17.337116062260293,11260.72,262.0110491370694,1
2023,21120,문헌기반,21.529657464768125,11260.72,262.0110491370694,1
2023,21130,CRITIC기반,35.591929356923586,20857.47,238.86344580475463,1
2023,21130,PCA기반,15.44629759634619,20857.47,238.86344580475463,1
2023,21130,문헌기반,19.153702002831903,20857.47,238.86344580475463,1
2023,21140,CRITIC기반,47.252124710222525,21028.13,300.2861657212942,1
2023,21140,PCA기반,20.46991892222857,21028.13,300.2861657212942,1
2023,21140,문헌기반,25.388679648059327,21028.13,300.2861657212942,1
2023,21150,CRITIC기반,41.815744546461474,10736.68,271.85967149087367,1
2023,21150,PCA기반,18.077730149171394,10736.68,271.85967149087367,1
2023,21150,문헌기반,22.452632248189502,10736.68,271.85967149087367,1
2023,21310,CRITIC기반,49.843576346952965,13727.88,314.18998335274443,1
2023,21310,PCA기반,21.5630390987773,13727.88,314.18998335274443,1
2023,21310,문헌기반,26.770211922842336,13727.88,314.18998335274443,1
2023,22010,CRITIC기반,35.51176927606314,18591.79,238.486888330033,1
2023,22010,PCA기반,15.385042212757396,18591.79,238.486888330033,1
2023,22010,문헌기반,19.085467225135012,18591.79,238.486888330033,1
2023,22020,CRITIC기반,33.457917752411326,49549.729999999996,226.9379430308099,1
2023,22020,PCA기반,14.611848153175567,49549.729999999996,226.9379430308099,1
2023,22020,문헌기반,18.044760361853626,49549.729999999996,226.9379430308099,1
2023,22030,CRITIC기반,35.241170083644995,9372.37,236.85165046378816,1
2023,22030,PCA기반,15.231962643691196,9372.37,236.85165046378816,1
2023,22030,문헌기반,18.91988126372804,9372.37,236.85165046378816,1
2023,22040,CRITIC기반,36.13635945804651,12860.83,241.5781050371819,1
2023,22040,PCA기반,15.631486824973853,12860.83,241.5781050371819,1
2023,22040,문헌기반,19.406712677511862,12860.83,241.5781050371819,1
2023,22050,CRITIC기반,35.34258337863083,38425.43,237.2269792731535,1
2023,22050,PCA기반,15.392062037914933,38425.43,237.2269792731535,1
2023,22050,문헌기반,19.038862335878875,38425.43,237.2269792731535,1
2023,22060,CRITIC기반,33.92597960285452,59255.7,229.23209416631624,1
2023,22060,PCA기반,14.86413950812506,59255.7,229.23209416631624,1
2023,22060,문헌기반,18.32398601239338,59255.7,229.23209416631624,1
2023,22070,CRITIC기반,37.04422423564621,40851.3,245.94064958126748,1
2023,22070,PCA기반,16.14051667584024,40851.3,245.94064958126748,1
2023,22070,문헌기반,19.956992153612777,40851.3,245.94064958126748,1
2023,22310,CRITIC기반,39.561687617718604,15767.45,259.6188828880429,1
2023,22310,PCA기반,17.126912151672702,15767.45,259.6188828880429,1
2023,22310,문헌기반,21.254085059275173,15767.45,259.6188828880429,1
2023,23010,CRITIC기반,12.170261354448522,1197091.64,107.13710659968118,1
2023,23010,PCA기반,7.763807321323398,1197091.64,107.13710659968118,1
2023,23010,문헌기반,8.25073105801258,1197091.64,107.13710659968118,1
2023,23020,CRITIC기반,9.093218587775763,87573.07,98.78250821282457,1
2023,23020,PCA기반,4.086267319229024,87573.07,98.78250821282457,1
2023,23020,문헌기반,4.9934178800622195,87573.07,98.78250821282457,1
2023,23030,CRITIC기반,10.046143923576874,661133.9299999999,100.10303260651605,1
2023,23030,PCA기반,5.638281866535324,661133.9299999999,100.10303260651605,1
2023,23030,문헌기반,6.303998270714894,661133.9299999999,100.10303260651605,1
2023,23040,CRITIC기반,11.174686991056303,739256.14,105.30960549951996,1
2023,23040,PCA기반,6.345529629352449,739256.14,105.30960549951996,1
2023,23040,문헌기반,7.045766292952716,739256.14,105.30960549951996,1
2023,23050,CRITIC기반,9.689039010724887,813338.18,97.33904014796111,1
2023,23050,PCA기반,5.765086744336184,813338.18,97.33904014796111,1
2023,23050,문헌기반,6.317278316869387,813338.18,97.33904014796111,1
2023,23060,CRITIC기반,8.639673857626581,1362838.7,88.83542561650175,1
2023,23060,PCA기반,6.21643380362983,1362838.7,88.83542561650175,1
2023,23060,문헌기반,6.443342319508341,1362838.7,88.83542561650175,1
2023,23070,CRITIC기반,6.867277188874278,777786.11,83.13341223674594,1
2023,23070,PCA기반,4.330935188333351,777786.11,83.13341223674594,1
2023,23070,문헌기반,4.697554805556479,777786.11,83.13341223674594,1
2023,23080,CRITIC기반,9.47025244111412,1699427.14,90.9682653375474,1
2023,23080,PCA기반,7.25461341906479,1699427.14,90.9682653375474,1
2023,23080,문헌기반,7.365881831657456,1699427.14,90.9682653375474,1
2023,23310,CRITIC기반,15.584284491299739,213766.56,131.85338042945514,1
2023,23310,PCA기반,7.247790919802081,213766.56,131.85338042945514,1
2023,23310,문헌기반,8.694774039719949,213766.56,131.85338042945514,1
2023,23320,CRITIC기반,18.693374135367478,17095.149999999998,149.88950730908215,1
2023,23320,PCA기반,8.101565022911378,17095.149999999998,149.88950730908215,1
2023,23320,문헌기반,10.050211007477543,17095.149999999998,149.88950730908215,1
2023,24010,CRITIC기반,39.086108875376134,18810.92,257.43505823424624,1
2023,24010,PCA기반,16.934254136560885,18810.92,257.43505823424624,1
2023,24010,문헌기반,21.00712720722463,18810.92,257.43505823424624,1
2023,24020,CRITIC기반,37.09682470403228,42352.64,246.71680788089205,1
2023,24020,PCA기반,16.17131205877355,42352.64,246.71680788089205,1
2023,24020,문헌기반,19.991179015445177,42352.64,246.71680788089205,1
2023,24030,CRITIC기반,37.007296494869614,23692.29,246.22806426027086,1
2023,24030,PCA기반,16.05650592165362,23692.29,246.22806426027086,1
2023,24030,문헌기반,19.902549611146096,23692.29,246.22806426027086,1
2023,24040,CRITIC기반,39.61527731849063,44937.02,259.7243918372177,1
2023,24040,PCA기반,17.273676619701693,44937.02,259.7243918372177,1
2023,24040,문헌기반,21.34812998258318,44937.02,259.7243918372177,1
2023,24050,CRITIC기반,35.07552643550993,43804.09,235.69671028290318,1
2023,24050,PCA기반,15.298785314760734,43804.09,235.69671028290318,1
2023,24050,문헌기반,18.908024902622966,43804.09,235.69671028290318,1
2023,25010,CRITIC기반,23.678516183680763,64129.68,175.83546096797684,1
2023,25010,PCA기반,10.410588630714921,64129.68,175.83546096797684,1
2023,25010,문헌기반,12.821116396437464,64129.68,175.83546096797684,1
2023,25020,CRITIC기반,25.093398395823606,63276.06,182.9505932269653,1
2023,25020,PCA기반,11.017365335869243,63276.06,182.9505932269653,1
2023,25020,문헌기반,13.571388777919172,63276.06,182.9505932269653,1
2023,25030,CRITIC기반,26.642335215536583,134533.8,190.4442004693522,1
2023,25030,PCA기반,11.930660789527604,134533.8,190.4442004693522,1
2023,25030,문헌기반,14.543335110865941,134533.8,190.4442004693522,1
2023,25040,CRITIC기반,27.03694634880491,149855.83,192.26763813432802,1
2023,25040,PCA기반,12.152305693004475,149855.83,192.26763813432802,1
2023,25040,문헌기반,14.78309366689771,149855.83,192.26763813432802,1
2023,25050,CRITIC기반,26.181101089474307,37172.48,188.7228475091439,1
2023,25050,PCA기반,11.40420743257453,37172.48,188.7228475091439,1
2023,25050,문헌기반,14.10480851185248,37172.48,188.7228475091439,1
2023,26010,CRITIC기반,41.68129926097151,13854.98,270.7583545888737,1
2023,26010,PCA기반,18.032909501472247,13854.98,270.7583545888737,1
2023,26010,문헌기반,22.3860780358617,13854.98,270.7583545888737,1
2023,26020,CRITIC기반,41.882960929668535,25547.45,271.40614453091143,1
2023,26020,PCA기반,18.16850995535198,25547.45,271.40614453091143,1
2023,26020,문헌기반,22.516749019535357,25547.45,271.40614453091143,1
2023,26030,CRITIC기반,46.99322448092059,8582.19,298.9626445572516,1
2023,26030,PCA기반,20.30509696054643,8582.19,298.9626445572516,1
2023,26030,문헌기반,25.224890434845562,8582.19,298.9626445572516,1
2023,26040,CRITIC기반,43.256248847346434,11404.8,278.5906102784618,1
2023,26040,PCA기반,18.700395544129286,11404.8,278.5906102784618,1
2023,26040,문헌기반,23.219424189023837,11404.8,278.5906102784618,1
2023,26310,CRITIC기반,39.18761524956946,20691.8,257.520848721615,1
2023,26310,PCA기반,16.98339142914757,20691.8,257.520848721615,1
2023,26310,문헌기반,21.06313020628736,20691.8,257.520848721615,1
2023,29010,CRITIC기반,21.84047929890859,199502.33,164.74627502245673,1
2023,29010,PCA기반,9.99530732740527,199502.33,164.74627502245673,1
2023,29010,문헌기반,12.062815757808313,199502.33,164.74627502245673,1
2023,31011,CRITIC기반,8.964770951431337,569272.2,95.14581298072828,1
2023,31011,PCA기반,4.956260450413807,569272.2,95.14581298072828,1
2023,31011,문헌기반,5.584290830383917,569272.2,95.14581298072828,1
2023,31012,CRITIC기반,10.181843732882099,618279.61,101.06174570624437,1
2023,31012,PCA기반,5.62584614657686,618279.61,101.06174570624437,1
2023,31012,문헌기반,6.324285125090109,618279.61,101.06174570624437,1
2023,31013,CRITIC기반,10.003674419187204,481784.48,101.00567304895657,1
2023,31013,PCA기반,5.288395609614213,481784.48,101.00567304895657,1
2023,31013,문헌기반,6.045229550936683,481784.48,101.00567304895657,1
2023,31014,CRITIC기반,9.445094879356722,900251.0599999999,95.62476452942838,1
2023,31014,PCA기반,5.795859589960035,900251.0599999999,95.62476452942838,1
2023,31014,문헌기반,6.291473630240592,900251.0599999999,95.62476452942838,1
2023,31021,CRITIC기반,4.681423593384049,2431697.01,63.99309658209466,1
2023,31021,PCA기반,5.709892415096214,2431697.01,63.99309658209466,1
2023,31021,문헌기반,5.457576798129093,2431697.01,63.99309658209466,1
2023,31022,CRITIC기반,5.891150723170449,1039555.09,76.8257802661097,1
2023,31022,PCA기반,4.275786557558684,1039555.09,76.8257802661097,1
2023,31022,문헌기반,4.47531033204874,1039555.09,76.8257802661097,1
2023,31023,CRITIC기반,8.052782696578754,3688365.94,74.1569382325784,1
2023,31023,PCA기반,9.518565991905367,3688365.94,74.1569382325784,1
2023,31023,문헌기반,8.950278497627787,3688365.94,74.1569382325784,1
2023,31030,CRITIC기반,8.025339339218906,2917019.32,77.43315175636397,1
2023,31030,PCA기반,8.411483428417267,2917019.32,77.43315175636397,1
2023,31030,문헌기반,8.045924163340272,2917019.32,77.43315175636397,1
2023,31041,CRITIC기반,5.781651964969563,1067101.18,76.10319891976683,1
2023,31041,PCA기반,4.271876922859502,1067101.18,76.10319891976683,1
2023,31041,문헌기반,4.452954243801214,1067101.18,76.10319891976683,1
2023,31042,CRITIC기반,7.188914149487192,1588275.08,80.47244275715725,1
2023,31042,PCA기반,5.82135026727379,1588275.08,80.47244275715725,1
2023,31042,문헌기반,5.8925697303557,1588275.08,80.47244275715725,1
2023,31050,CRITIC기반,8.684223588195616,4556915.59,72.77125657945358,1
2023,31050,PCA기반,11.186305735476758,4556915.59,72.77125657945358,1
2023,31050,문헌기반,10.384473072722962,4556915.59,72.77125657945358,1
2023,31060,CRITIC기반,4.242493194790168,2895192.0,59.69850012527979,1
2023,31060,PCA기반,6.102698170417136,2895192.0,59.69850012527979,1
2023,31060,문헌기반,5.750899806039275,2895192.0,59.69850012527979,1
2023,31070,CRITIC기반,15.950499291629194,502831.22,131.23183578265508,1
2023,31070,PCA기반,8.110492367831942,502831.22,131.23183578265508,1
2023,31070,문헌기반,9.347375959812439,502831.22,131.23183578265508,1
2023,31080,CRITIC기반,10.989620649143307,269750.85,107.63460816076214,1
2023,31080,PCA기반,5.305981770404555,269750.85,107.63460816076214,1
2023,31080,문헌기반,6.2830799038573435,269750.85,107.63460816076214,1
2023,31091,CRITIC기반,10.328319209070946,549634.9,102.19222439585366,1
2023,31091,PCA기반,5.558769902757489,549634.9,102.19222439585366,1
2023,31091,문헌기반,6.308908653014176,549634.9,102.19222439585366,1
2023,31092,CRITIC기반,10.724334761939527,613762.35,103.8757033851602,1
2023,31092,PCA기반,5.884584701835499,613762.35,103.8757033851602,1
2023,31092,문헌기반,6.624090271012458,613762.35,103.8757033851602,1
2023,31101,CRITIC기반,7.530652870029445,4427838.63,67.8793565923926,1
2023,31101,PCA기반,10.284702046716124,4427838.63,67.8793565923926,1
2023,31101,문헌기반,9.558833386670129,4427838.63,67.8793565923926,1
2023,31103,CRITIC기반,7.317830194112173,1690610.14,80.37439589532,1
2023,31103,PCA기반,6.091566839269257,1690610.14,80.37439589532,1
2023,31103,문헌기반,6.119791703542935,1690610.14,80.37439589532,1
2023,31104,CRITIC기반,8.340494003380863,1253481.3699999999,87.80541080546874,1
2023,31104,PCA기반,5.896316050893441,1253481.3699999999,87.80541080546874,1
2023,31104,문헌기반,6.148284684071243,1253481.3699999999,87.80541080546874,1
2023,31110,CRITIC기반,4.3273675846026745,1270944.29,67.69627573538014,1
2023,31110,PCA기반,3.8910511453893717,1270944.29,67.69627573538014,1
2023,31110,문헌기반,3.907147952449124,1270944.29,67.69627573538014,1
2023,31120,CRITIC기반,4.84674805106473,1983559.1,66.72225817131871,1
2023,31120,PCA기반,5.193562178629873,1983559.1,66.72225817131871,1
2023,31120,문헌기반,5.047824148204612,1983559.1,66.72225817131871,1
2023,31130,CRITIC기반,9.992444697889363,4907743.54,76.67666096598172,1
2023,31130,PCA기반,12.632512987799377,4907743.54,76.67666096598172,1
2023,31130,문헌기반,11.66690403728781,4907743.54,76.67666096598172,1
2023,31140,CRITIC기반,12.38240845220148,285958.54,114.45265125218602,1
2023,31140,PCA기반,5.960970501041476,285958.54,114.45265125218602,1
2023,31140,문헌기반,7.05809219026814,285958.54,114.45265125218602,1
2023,31150,CRITIC기반,8.214905389032996,1225184.02,87.35278354751628,1
2023,31150,PCA기반,5.78903687067399,1225184.02,87.35278354751628,1
2023,31150,문헌기반,6.044067440043714,1225184.02,87.35278354751628,1
2023,31160,CRITIC기반,7.622068871498126,935374.78,86.19775586756501,1
2023,31160,PCA기반,4.959201807963439,935374.78,86.19775586756501,1
2023,31160,문헌기반,5.314943546796164,935374.78,86.19775586756501,1
2023,31170,CRITIC기반,6.322828653107446,679343.3,80.95285720356975,1
2023,31170,PCA기반,3.899834401067393,679343.3,80.95285720356975,1
2023,31170,문헌기반,4.2673062797035515,679343.3,80.95285720356975,1
2023,31180,CRITIC기반,6.50269162972781,4660963.14,62.3132389848724,1
2023,31180,PCA기반,9.886152869064501,4660963.14,62.3132389848724,1
2023,31180,문헌기반,9.17924024664036,4660963.14,62.3132389848724,1
2023,31191,CRITIC기반,12.210365290835535,699941.87,110.8200023791183,1
2023,31191,PCA기반,6.760385485046254,699941.87,110.8200023791183,1
2023,31191,문헌기반,7.562163634516188,699941.87,110.8200023791183,1
2023,31192,CRITIC기반,10.02975814296492,1420552.81,95.32913150178905,1
2023,31192,PCA기반,7.0547066895018276,1420552.81,95.32913150178905,1
2023,31192,문헌기반,7.320244051201732,1420552.81,95.32913150178905,1
2023,31193,CRITIC기반,8.247711807015204,1494916.6099999999,86.12388494629478,1
2023,31193,PCA기반,6.247978754164592,1494916.6099999999,86.12388494629478,1
2023,31193,문헌기반,6.3965769337037255,1494916.6099999999,86.12388494629478,1
2023,31200,CRITIC기반,10.201726862224206,1590822.23,94.91260188714384,1
2023,31200,PCA기반,7.511042198123354,1590822.23,94.91260188714384,1
2023,31200,문헌기반,7.680004362439585,1590822.23,94.91260188714384,1
2023,31210,CRITIC기반,12.931725215211989,416428.58,116.52446405614631,1
2023,31210,PCA기반,6.501351325991428,416428.58,116.52446405614631,1
2023,31210,문헌기반,7.552575234530299,416428.58,116.52446405614631,1
2023,31220,CRITIC기반,16.243791428811523,254765.76,134.72999152829797,1
2023,31220,PCA기반,7.627859165605282,254765.76,134.72999152829797,1
2023,31220,문헌기반,9.107593574214293,254765.76,134.72999152829797,1
2023,31230,CRITIC기반,8.610922783591393,2388740.8,82.76048507314285,1
2023,31230,PCA기반,7.964459150961748,2388740.8,82.76048507314285,1
2023,31230,문헌기반,7.768165198189437,2388740.8,82.76048507314285,1
2023,31240,CRITIC기반,12.207544511279647,1468862.44,105.71935772026258,1
2023,31240,PCA기반,8.307669393928704,1468862.44,105.71935772026258,1
2023,31240,문헌기반,8.643851866544766,1468862.44,105.71935772026258,1
2023,31250,CRITIC기반,9.298241874933895,1502521.6,91.13351617409832,1
2023,31250,PCA기반,6.842390356432563,1502521.6,91.13351617409832,1
2023,31250,문헌기반,7.025061637190132,1502521.6,91.13351617409832,1
2023,31260,CRITIC기반,8.949330493004139,1189248.98,91.15150163615866,1
2023,31260,PCA기반,6.09654034649688,1189248.98,91.15150163615866,1
2023,31260,문헌기반,6.410218574156719,1189248.98,91.15150163615866,1
2023,31270,CRITIC기반,10.061086958452798,616399.88,100.55293655591332,1
2023,31270,PCA기반,5.598415229758086,616399.88,100.55293655591332,1
2023,31270,문헌기반,6.274249426352704,616399.88,100.55293655591332,1
2023,31280,CRITIC기반,14.414707058451842,278345.91,125.45062912171963,1
2023,31280,PCA기반,6.872947502352438,278345.91,125.45062912171963,1
2023,31280,문헌기반,8.159287930952747,278345.91,125.45062912171963,1
2023,31350,CRITIC기반,14.971280858624569,94147.27,129.67818568559184,1
2023,31350,PCA기반,6.681891054313101,94147.27,129.67818568559184,1
2023,31350,문헌기반,8.175315935620803,94147.27,129.67818568559184,1
2023,31370,CRITIC기반,12.098888555214085,368106.19,112.90713901738646,1
2023,31370,PCA기반,6.038871552957742,368106.19,112.90713901738646,1
2023,31370,문헌기반,7.038885369013398,368106.19,112.90713901738646,1
2023,31380,CRITIC기반,12.011805011871909,645462.46,110.4044324772834,1
2023,31380,PCA기반,6.573143890504515,645462.46,110.4044324772834,1
2023,31380,문헌기반,7.385810253974772,645462.46,110.4044324772834,1
2023,32010,CRITIC기반,18.57122204703396,360301.13,146.31769617202903,1
2023,32010,PCA기반,8.97128087713384,360301.13,146.31769617202903,1
2023,32010,문헌기반,10.558352605390104,360301.13,146.31769617202903,1
2023,32020,CRITIC기반,20.08331459665698,262787.9,154.86702211128411,1
2023,32020,PCA기반,9.383820878766425,262787.9,154.86702211128411,1
2023,32020,문헌기반,11.212337980129146,262787.9,154.86702211128411,1
2023,32030,CRITIC기반,33.14273218106361,126416.97,224.4408697199405,1
2023,32030,PCA기반,14.756717723220415,126416.97,224.4408697199405,1
2023,32030,문헌기반,18.02821039912773,126416.97,224.4408697199405,1
2023,32040,CRITIC기반,37.41830388460211,28621.63,248.0139593901084,1
2023,32040,PCA기반,16.24385645191089,28621.63,248.0139593901084,1
2023,32040,문헌기반,20.122947685628425,28621.63,248.0139593901084,1
2023,32050,CRITIC기반,40.77539363112708,13289.74,266.1659885297633,1
2023,32050,PCA기반,17.642941841090582,13289.74,266.1659885297633,1
2023,32050,문헌기반,21.90424885112541,13289.74,266.1659885297633,1
2023,32060,CRITIC기반,34.34309598216531,89123.48,231.13459569709156,1
2023,32060,PCA기반,15.13930128661124,89123.48,231.13459569709156,1
2023,32060,문헌기반,18.593623042558185,89123.48,231.13459569709156,1
2023,32070,CRITIC기반,42.21037794513453,21192.7,273.4711608213494,1
2023,32070,PCA기반,18.289561199983673,21192.7,273.4711608213494,1
2023,32070,문헌기반,22.68216006943241,21192.7,273.4711608213494,1
2023,32310,CRITIC기반,17.043159902465344,124041.7,140.53066336512634,1
2023,32310,PCA기반,7.671391182302195,124041.7,140.53066336512634,1
2023,32310,문헌기반,9.342704603815196,124041.7,140.53066336512634,1
2023,32320,CRITIC기반,19.659408230540343,58759.34,154.7327968976997,1
2023,32320,PCA기반,8.638729715086079,58759.34,154.7327968976997,1
2023,32320,문헌기반,10.643163946334266,58759.34,154.7327968976997,1
2023,32330,CRITIC기반,30.56093852321698,19984.31,212.52181784324813,1
2023,32330,PCA기반,13.242641829526109,19984.31,212.52181784324813,1
2023,32330,문헌기반,16.424725475991963,19984.31,212.52181784324813,1
2023,32340,CRITIC기반,28.109080444395513,61482.36,199.29751984545592,1
2023,32340,PCA기반,12.326262233395164,61482.36,199.29751984545592,1
2023,32340,문헌기반,15.192841296956962,61482.36,199.29751984545592,1
2023,32350,CRITIC기반,36.902449743761984,29100.1,245.4100733514056,1
2023,32350,PCA기반,16.022640697230134,29100.1,245.4100733514056,1
2023,32350,문헌기반,19.849389250149038,29100.1,245.4100733514056,1
2023,32360,CRITIC기반,19.396938150781775,61649.770000000004,153.09811868160114,1
2023,32360,PCA기반,8.530927942766278,61649.770000000004,153.09811868160114,1
2023,32360,문헌기반,10.503482647217686,61649.770000000004,153.09811868160114,1
2023,32370,CRITIC기반,24.227945892349982,17613.06,179.1718164022179,1
2023,32370,PCA기반,10.49811729431015,17613.06,179.1718164022179,1
2023,32370,문헌기반,13.023931545880833,17613.06,179.1718164022179,1
2023,32380,CRITIC기반,27.553283863064884,13105.65,196.20613611161448,1
2023,32380,PCA기반,11.910626074077776,13105.65,196.20613611161448,1
2023,32380,문헌기반,14.786980432360822,13105.65,196.20613611161448,1
2023,32390,CRITIC기반,23.766354583499965,38759.35,176.7471206303498,1
2023,32390,PCA기반,10.366933241620494,38759.35,176.7471206303498,1
2023,32390,문헌기반,12.818004323228866,38759.35,176.7471206303498,1
2023,32400,CRITIC기반,35.72845079714323,28699.76,239.39662547770956,1
2023,32400,PCA기반,15.513484165899847,28699.76,239.39662547770956,1
2023,32400,문헌기반,19.21794384510686,28699.76,239.39662547770956,1
2023,32410,CRITIC기반,30.502959838681566,45304.04,211.59098666536204,1
2023,32410,PCA기반,13.304994300670645,45304.04,211.59098666536204,1
2023,32410,문헌기반,16.439772715127358,45304.04,211.59098666536204,1
2023,33020,CRITIC기반,21.6579971402999,152601.63,164.11630738473323,1
2023,33020,PCA기반,9.777597360876518,152601.63,164.11630738473323,1
2023,33020,문헌기반,11.877011166375192,152601.63,164.11630738473323,1
2023,33030,CRITIC기반,26.202196184388,69301.87,189.197702623558,1
2023,33030,PCA기반,11.524779090051045,69301.87,189.197702623558,1
2023,33030,문헌기반,14.184706326070682,69301.87,189.197702623558,1
2023,33041,CRITIC기반,27.17343582803955,48750.09,194.26512257993264,1
2023,33041,PCA기반,11.876134876442553,48750.09,194.26512257993264,1
2023,33041,문헌기반,14.663155792790397,48750.09,194.26512257993264,1
2023,33042,CRITIC기반,25.08747380468121,66256.39,182.85430118127553,1
2023,33042,PCA기반,11.020258615339946,66256.39,182.85430118127553,1
2023,33042,문헌기반,13.570129160428927,66256.39,182.85430118127553,1
2023,33043,CRITIC기반,21.18062272764781,108842.98,162.0709389009392,1
2023,33043,PCA기반,9.442971524284749,108842.98,162.0709389009392,1
2023,33043,문헌기반,11.546322101074207,108842.98,162.0709389009392,1
2023,33044,CRITIC기반,22.925138653996008,67409.15,171.37358964781717,1
2023,33044,PCA기반,10.08132252390819,67409.15,171.37358964781717,1
2023,33044,문헌기반,12.407957833360241,67409.15,171.37358964781717,1
2023,33320,CRITIC기반,33.97361194296692,15583.96,230.48384003742206,1
2023,33320,PCA기반,14.700955826724085,15583.96,230.48384003742206,1
2023,33320,문헌기반,18.245482107015288,15583.96,230.48384003742206,1
2023,33330,CRITIC기반,30.693082440051906,17663.84,213.3236400687814,1
2023,33330,PCA기반,13.302282015540555,17663.84,213.3236400687814,1
2023,33330,문헌기반,16.501268575792057,17663.84,213.3236400687814,1
2023,33340,CRITIC기반,34.42564824373172,15957.07,232.89505685766576,1
2023,33340,PCA기반,14.909029238157013,15957.07,232.89505685766576,1
2023,33340,문헌기반,18.499858541037177,15957.07,232.89505685766576,1
2023,33350,CRITIC기반,20.20615172339051,51859.62,157.19568919324513,1
2023,33350,PCA기반,8.849395329130976,51859.62,157.19568919324513,1
2023,33350,문헌기반,10.915859419179847,51859.62,157.19568919324513,1
2023,33360,CRITIC기반,24.895518963791666,32091.39,182.56984282442258,1
2023,33360,PCA기반,10.83497932871955,32091.39,182.56984282442258,1
2023,33360,문헌기반,13.40968046274028,32091.39,182.56984282442258,1
2023,33370,CRITIC기반,18.068631836956737,116699.87,145.48147475771825,1
2023,33370,PCA기반,8.090732341217933,116699.87,145.48147475771825,1
2023,33370,문헌기반,9.87446390571345,116699.87,145.48147475771825,1
2023,33380,CRITIC기반,30.622397320910736,29294.170000000002,212.99920883722405,1
2023,33380,PCA기반,13.31370071178156,29294.170000000002,212.99920883722405,1
2023,33380,문헌기반,16.48620852908382,29294.170000000002,212.99920883722405,1
2023,33390,CRITIC기반,24.38177531740728,13265.92,179.37882649800318,1
2023,33390,PCA기반,10.541622648960663,13265.92,179.37882649800318,1
2023,33390,문헌기반,13.085447404309638,13265.92,179.37882649800318,1
2023,34011,CRITIC기반,19.563070106700042,192779.9,152.8771102662614,1
2023,34011,PCA기반,8.96225493767597,192779.9,152.8771102662614,1
2023,34011,문헌기반,10.81615424522487,192779.9,152.8771102662614,1
2023,34012,CRITIC기반,18.19757766420275,207914.88,145.46302907381502,1
2023,34012,PCA기반,8.398005142477423,207914.88,145.46302907381502,1
2023,34012,문헌기반,10.103554552894085,207914.88,145.46302907381502,1
2023,34020,CRITIC기반,24.809597492954158,75548.97,181.69768895280487,1
2023,34020,PCA기반,10.936071683589898,75548.97,181.69768895280487,1
2023,34020,문헌기반,13.443924877217663,75548.97,181.69768895280487,1
2023,34030,CRITIC기반,31.642436712872968,52200.73,217.8700626191065,1
2023,34030,PCA기반,13.834995241905354,52200.73,217.8700626191065,1
2023,34030,문헌기반,17.075858717291617,52200.73,217.8700626191065,1
2023,34040,CRITIC기반,19.444025818523606,212405.33,152.1162761122143,1
2023,34040,PCA기반,8.974254745837989,212405.33,152.1162761122143,1
2023,34040,문헌기반,10.791871456745172,212405.33,152.1162761122143,1
2023,34050,CRITIC기반,24.547518187340863,85876.16,180.04744561490898,1
2023,34050,PCA기반,10.84752744724009,85876.16,180.04744561490898,1
2023,34050,문헌기반,13.315304464634346,85876.16,180.04744561490898,1
2023,34060,CRITIC기반,31.996022387879215,33842.3,219.90903534239789,1
2023,34060,PCA기반,13.919188437198832,33842.3,219.90903534239789,1
2023,34060,문헌기반,17.227778536154595,33842.3,219.90903534239789,1
2023,34070,CRITIC기반,28.979987144875544,13927.62,203.34816008171046,1
2023,34070,PCA기반,12.529937964598506,13927.62,203.34816008171046,1
2023,34070,문헌기반,15.55346033810139,13927.62,203.34816008171046,1
2023,34080,CRITIC기반,21.27821424415213,109581.81999999999,162.5403930755073,1
2023,34080,PCA기반,9.48500540349719,109581.81999999999,162.5403930755073,1
2023,34080,문헌기반,11.594685905987792,109581.81999999999,162.5403930755073,1
2023,34310,CRITIC기반,32.08679457515517,23995.7,220.3944714729536,1
2023,34310,PCA기반,13.921600463396926,23995.7,220.3944714729536,1
2023,34310,문헌기반,17.254147687561066,23995.7,220.3944714729536,1
2023,34330,CRITIC기반,31.195231331914435,29846.18,215.94717642371228,1
2023,34330,PCA기반,13.563017756755675,29846.18,215.94717642371228,1
2023,34330,문헌기반,16.79460592221601,29846.18,215.94717642371228,1
2023,34340,CRITIC기반,35.01082082701708,21316.2,235.53116141655676,1
2023,34340,PCA기반,15.172399366903607,21316.2,235.53116141655676,1
2023,34340,문헌기반,18.81427134989763,21316.2,235.53116141655676,1
2023,34350,CRITIC기반,30.607982325722315,14824.94,212.030278436693,1
2023,34350,PCA기반,13.232510164841225,14824.94,212.030278436693,1
2023,34350,문헌기반,16.423667987824846,14824.94,212.030278436693,1
2023,34360,CRITIC기반,27.54546011172661,49696.2,196.2206365658445,1
2023,34360,PCA기반,12.040675814077941,49696.2,196.2206365658445,1
2023,34360,문헌기반,14.864934253561238,49696.2,196.2206365658445,1
2023,34370,CRITIC기반,26.610285110571297,50739.18,191.05903644113798,1
2023,34370,PCA기반,11.631428497393411,50739.18,191.05903644113798,1
2023,34370,문헌기반,14.356370759093368,50739.18,191.05903644113798,1
2023,34380,CRITIC기반,31.219282459393174,50835.54,215.5929975401269,1
2023,34380,PCA기반,13.63958559149487,50835.54,215.5929975401269,1
2023,34380,문헌기반,16.83839068769575,50835.54,215.5929975401269,1
2023,35011,CRITIC기반,36.608138427055756,73228.24,243.6944002129471,1
2023,35011,PCA기반,16.08113538251678,73228.24,243.6944002129471,1
2023,35011,문헌기반,19.792521654118527,73228.24,243.6944002129471,1
2023,35012,CRITIC기반,34.03693874952777,58699.42,230.40828873732957,1
2023,35012,PCA기반,14.902475596619018,58699.42,230.40828873732957,1
2023,35012,문헌기반,18.378828858788243,58699.42,230.40828873732957,1
2023,35020,CRITIC기반,35.92084686862712,61157.79,239.9678972819066,1
2023,35020,PCA기반,15.726650145889284,61157.79,239.9678972819066,1
2023,35020,문헌기반,19.391537846174337,61157.79,239.9678972819066,1
2023,35030,CRITIC기반,28.01700937723507,64146.67,198.61465647270705,1
2023,35030,PCA기반,12.299689959132905,64146.67,198.61465647270705,1
2023,35030,문헌기반,15.151107146502303,64146.67,198.61465647270705,1
2023,35040,CRITIC기반,37.32358972500033,31412.7,248.48088594441708,1
2023,35040,PCA기반,16.22967668038373,31412.7,248.48088594441708,1
2023,35040,문헌기반,20.09547951021512,31412.7,248.48088594441708,1
2023,35050,CRITIC기반,40.722554994177294,17327.739999999998,266.57306667418726,1
2023,35050,PCA기반,17.637074329515183,17327.739999999998,266.57306667418726,1
2023,35050,문헌기반,21.88451347403303,17327.739999999998,266.57306667418726,1
2023,35060,CRITIC기반,35.99349588535456,15493.84,241.17139742588213,1
2023,35060,PCA기반,15.58271023007731,15493.84,241.17139742588213,1
2023,35060,문헌기반,19.338993604532146,15493.84,241.17139742588213,1
2023,35310,CRITIC기반,35.137549014074345,24268.65,236.94987158422464,1
2023,35310,PCA기반,15.249532707239235,24268.65,236.94987158422464,1
2023,35310,문헌기반,18.90155665436814,24268.65,236.94987158422464,1
2023,35320,CRITIC기반,43.32073406399458,5884.09,280.1362563318681,1
2023,35320,PCA기반,18.710086383297284,5884.09,280.1362563318681,1
2023,35320,문헌기반,23.25451393215429,5884.09,280.1362563318681,1
2023,35330,CRITIC기반,39.00760917260509,9674.31,257.071048706579,1
2023,35330,PCA기반,16.859218280813597,9674.31,257.071048706579,1
2023,35330,문헌기반,20.941219257755904,9674.31,257.071048706579,1
2023,35340,CRITIC기반,39.94590603402587,4114.18,262.55755990877503,1
2023,35340,PCA기반,17.243307626489628,4114.18,262.55755990877503,1
2023,35340,문헌기반,21.437435803496545,4114.18,262.55755990877503,1
2023,35350,CRITIC기반,38.963844144501465,7650.69,257.13769831502776,1
2023,35350,PCA기반,16.829888287756955,7650.69,257.13769831502776,1
2023,35350,문헌기반,20.911449295420184,7650.69,257.13769831502776,1
2023,35360,CRITIC기반,46.37524207078287,7998.16,296.1989213113959,1
2023,35360,PCA기반,20.041946496472185,7998.16,296.1989213113959,1
2023,35360,문헌기반,24.90030879796419,7998.16,296.1989213113959,1
2023,35370,CRITIC기반,42.9903236001086,18142.4,278.3795267111977,1
2023,35370,PCA기반,18.626877404789802,18142.4,278.3795267111977,1
2023,35370,문헌기반,23.109063639225216,18142.4,278.3795267111977,1
2023,35380,CRITIC기반,41.45250590076694,17030.670000000002,269.93538032004096,1
2023,35380,PCA기반,17.94381934392783,17030.670000000002,269.93538032004096,1
2023,35380,문헌기반,22.26663916488242,17030.670000000002,269.93538032004096,1
2023,36010,CRITIC기반,42.52913734203177,30892.579999999998,275.3310857535197,1
2023,36010,PCA기반,18.475271461067376,30892.579999999998,275.3310857535197,1
2023,36010,문헌기반,22.882517889588193,30892.579999999998,275.3310857535197,1
2023,36020,CRITIC기반,47.03166332040552,34522.97,299.15331144252053,1
2023,36020,PCA기반,20.4395927966343,34522.97,299.15331144252053,1
2023,36020,문헌기반,25.30511401882348,34522.97,299.15331144252053,1
2023,36030,CRITIC기반,44.32276333792912,32296.18,284.8522868420042,1
2023,36030,PCA기반,19.25784714491791,32296.18,284.8522868420042,1
2023,36030,문헌기반,23.846660617960392,32296.18,284.8522868420042,1
2023,36040,CRITIC기반,36.17894593682338,21248.79,242.02382396150145,1
2023,36040,PCA기반,15.68612349264355,21248.79,242.02382396150145,1
2023,36040,문헌기반,19.450933628543456,21248.79,242.02382396150145,1
2023,36060,CRITIC기반,47.3233086583595,11184.13,300.5936029245694,1
2023,36060,PCA기반,20.45508288772152,11184.13,300.5936029245694,1
2023,36060,문헌기반,25.404052568889117,11184.13,300.5936029245694,1
2023,36310,CRITIC기반,45.772520426541405,8802.82,293.35006568273934,1
2023,36310,PCA기반,19.783987537874175,8802.82,293.35006568273934,1
2023,36310,문헌기반,24.57823868337422,8802.82,293.35006568273934,1
2023,36320,CRITIC기반,42.815598330419114,4344.9,277.2726749587803,1
2023,36320,PCA기반,18.471867750048187,4344.9,277.2726749587803,1
2023,36320,문헌기반,22.964156664475606,4344.9,277.2726749587803,1
2023,36330,CRITIC기반,46.829889963278085,6878.97,298.70100353696955,1
2023,36330,PCA기반,20.223467395404693,6878.97,298.70100353696955,1
2023,36330,문헌기반,25.13319022198209,6878.97,298.70100353696955,1
2023,36350,CRITIC기반,56.96077534003765,6190.43,352.0712387108057,1
2023,36350,PCA기반,24.599784909007973,6190.43,352.0712387108057,1
2023,36350,문헌기반,30.572590630460784,6190.43,352.0712387108057,1
2023,36360,CRITIC기반,53.22815139641068,4791.3,332.62710379153225,1
2023,36360,PCA기반,22.980887024557607,4791.3,332.62710379153225,1
2023,36360,문헌기반,28.567386482547743,4791.3,332.62710379153225,1
2023,36370,CRITIC기반,45.24143668582735,6427.3099999999995,289.95499101535546,1
2023,36370,PCA기반,19.54737612393893,6427.3099999999995,289.95499101535546,1
2023,36370,문헌기반,24.29088737848514,6427.3099999999995,289.95499101535546,1
2023,36380,CRITIC기반,54.65294907121378,4247.5199999999995,340.4063798702982,1
2023,36380,PCA기반,23.588991662109013,4247.5199999999995,340.4063798702982,1
2023,36380,문헌기반,29.325177818438515,4247.5199999999995,340.4063798702982,1
2023,36390,CRITIC기반,51.54101765818822,4422.69,324.2320056355042,1
2023,36390,PCA기반,22.265634755731476,4422.69,324.2320056355042,1
2023,36390,문헌기반,27.677061547811782,4422.69,324.2320056355042,1
2023,36400,CRITIC기반,55.728740629373455,6580.2300000000005,344.614194709197,1
2023,36400,PCA기반,24.05460467359511,6580.2300000000005,344.614194709197,1
2023,36400,문헌기반,29.891808883494832,6580.2300000000005,344.614194709197,1
2023,36410,CRITIC기반,47.26532440649498,6704.4,300.7471157405543,1
2023,36410,PCA기반,20.412020663501696,6704.4,300.7471157405543,1
2023,36410,문헌기반,25.36530909302173,6704.4,300.7471157405543,1
2023,36420,CRITIC기반,44.609296259520406,10923.23,286.2823661630834,1
2023,36420,PCA기반,19.281482143114204,10923.23,286.2823661630834,1
2023,36420,문헌기반,23.946132516351256,10923.23,286.2823661630834,1
2023,36430,CRITIC기반,44.984546750804846,4896.22,289.36468517947725,1
2023,36430,PCA기반,19.432102824537214,4896.22,289.36468517947725,1
2023,36430,문헌기반,24.155206489841134,4896.22,289.36468517947725,1
2023,36440,CRITIC기반,45.94310043876628,8376.28,293.97968257022643,1
2023,36440,PCA기반,19.84444905851786,8376.28,293.97968257022643,1
2023,36440,문헌기반,24.65591853020203,8376.28,293.97968257022643,1
2023,36450,CRITIC기반,43.370841535410946,11440.66,280.4265168562845,1
2023,36450,PCA기반,18.75241142868343,11440.66,280.4265168562845,1
2023,36450,문헌기반,23.28811883365335,11440.66,280.4265168562845,1
2023,36460,CRITIC기반,60.006041900555225,3386.71,369.7820276725692,1
2023,36460,PCA기반,25.916628353400093,3386.71,369.7820276725692,1
2023,36460,문헌기반,32.22645296084752,3386.71,369.7820276725692,1
2023,36470,CRITIC기반,59.24197516749307,3214.02,363.98479074649293,1
2023,36470,PCA기반,25.569411365739448,3214.02,363.98479074649293,1
2023,36470,문헌기반,31.78874279458753,3214.02,363.98479074649293,1
2023,36480,CRITIC기반,57.66520916075116,3333.18,356.6229898967777,1
2023,36480,PCA기반,24.89319828095676,3333.18,356.6229898967777,1
2023,36480,문헌기반,30.95006995603929,3333.18,356.6229898967777,1
2023,37011,CRITIC기반,43.66699116372315,21376.13,281.40350948094334,1
2023,37011,PCA기반,18.92305171798312,21376.13,281.40350948094334,1
2023,37011,문헌기반,23.467478910204573,21376.13,281.40350948094334,1
2023,37012,CRITIC기반,42.79641487932251,29069.18,276.3404700455759,1
2023,37012,PCA기반,18.578859338333707,29069.18,276.3404700455759,1
2023,37012,문헌기반,23.01689978892944,29069.18,276.3404700455759,1
2023,37020,CRITIC기반,42.17026305361544,45755.98,272.8048520223466,1
2023,37020,PCA기반,18.378335109081494,45755.98,272.8048520223466,1
2023,37020,문헌기반,22.716142770356537,45755.98,272.8048520223466,1
2023,37030,CRITIC기반,29.74561884844773,28685.84,208.0117232995416,1
2023,37030,PCA기반,12.928241450571878,28685.84,208.0117232995416,1
2023,37030,문헌기반,16.01146454052624,28685.84,208.0117232995416,1
2023,37040,CRITIC기반,36.225131932990635,41169.18,241.81053993476866,1
2023,37040,PCA기반,15.778797755036207,41169.18,241.81053993476866,1
2023,37040,문헌기반,19.51267335654832,41169.18,241.81053993476866,1
2023,37050,CRITIC기반,36.985566171571655,37170.51,245.31104786741778,1
2023,37050,PCA기반,16.09224603508013,37170.51,245.31104786741778,1
2023,37050,문헌기반,19.909424110880984,37170.51,245.31104786741778,1
2023,37060,CRITIC기반,31.727054908927276,34522.38,218.3622159249192,1
2023,37060,PCA기반,13.802029017708877,34522.38,218.3622159249192,1
2023,37060,문헌기반,17.083080526983466,34522.38,218.3622159249192,1
2023,37070,CRITIC기반,42.14410153094381,7540.91,273.14969525277655,1
2023,37070,PCA기반,18.195234596884216,7540.91,273.14969525277655,1
2023,37070,문헌기반,22.609122327167537,7540.91,273.14969525277655,1
2023,37080,CRITIC기반,32.53205819705635,32370.83,222.56317236533854,1
2023,37080,PCA기반,14.143250367098593,32370.83,222.56317236533854,1
2023,37080,문헌기반,17.51039061735123,32370.83,222.56317236533854,1
2023,37090,CRITIC기반,29.892051175587202,37135.62,208.51459784349478,1
2023,37090,PCA기반,13.015391745374254,37135.62,208.51459784349478,1
2023,37090,문헌기반,16.09917576584359,37135.62,208.51459784349478,1
2023,37100,CRITIC기반,39.24515684177831,23934.78,257.5705269252813,1
2023,37100,PCA기반,17.01714638580515,23934.78,257.5705269252813,1
2023,37100,문헌기반,21.094686300029295,23934.78,257.5705269252813,1
2023,37310,CRITIC기반,35.29360626074329,5167.76,237.78956435368326,1
2023,37310,PCA기반,15.243326659040735,5167.76,237.78956435368326,1
2023,37310,문헌기반,18.946817488799557,5167.76,237.78956435368326,1
2023,37320,CRITIC기반,38.20062774036828,6837.25,252.37105805166468,1
2023,37320,PCA기반,16.49168659498714,6837.25,252.37105805166468,1
2023,37320,문헌기반,20.493196748901344,6837.25,252.37105805166468,1
2023,37330,CRITIC기반,48.010575839730414,8816.82,304.49141192774465,1
2023,37330,PCA기반,20.75550972596558,8816.82,304.49141192774465,1
2023,37330,문헌기반,25.783092090033072,8816.82,304.49141192774465,1
2023,37340,CRITIC기반,46.96289683245457,1784.8600000000001,298.4408213353265,1
2023,37340,PCA기반,20.25358106713293,1784.8600000000001,298.4408213353265,1
2023,37340,문헌기반,25.186206337299172,1784.8600000000001,298.4408213353265,1
2023,37350,CRITIC기반,47.66717418052964,4755.64,302.27756487805567,1
2023,37350,PCA기반,20.576158381067682,4755.64,302.27756487805567,1
2023,37350,문헌기반,25.57459852216366,4755.64,302.27756487805567,1
2023,37360,CRITIC기반,43.43267120703794,3832.35,279.9923007885044,1
2023,37360,PCA기반,18.727557614345457,3832.35,279.9923007885044,1
2023,37360,문헌기반,23.281503473875823,3832.35,279.9923007885044,1
2023,37370,CRITIC기반,44.48002405829622,2491.65,285.68360474254183,1
2023,37370,PCA기반,19.192156618765008,2491.65,285.68360474254183,1
2023,37370,문헌기반,23.861123979532994,2491.65,285.68360474254183,1
2023,37380,CRITIC기반,36.76376662370342,5197.48,245.2071556500591,1
2023,37380,PCA기반,15.87775626750761,5197.48,245.2071556500591,1
2023,37380,문헌기반,19.733288301466054,5197.48,245.2071556500591,1
2023,37390,CRITIC기반,37.92223810828374,10821.43,251.22137781987266,1
2023,37390,PCA기반,16.39648848890499,10821.43,251.22137781987266,1
2023,37390,문헌기반,20.3633857453053,10821.43,251.22137781987266,1
2023,37400,CRITIC기반,34.42808253752026,15276.970000000001,233.05344945531021,1
2023,37400,PCA기반,14.906137728556415,15276.970000000001,233.05344945531021,1
2023,37400,문헌기반,18.500797697694875,15276.970000000001,233.05344945531021,1
2023,37410,CRITIC기반,38.44434869368278,9293.19,253.80200441357243,1
2023,37410,PCA기반,16.61435109341523,9293.19,253.80200441357243,1
2023,37410,문헌기반,20.63819380858148,9293.19,253.80200441357243,1
2023,37420,CRITIC기반,47.422339724226646,9365.02,301.79315171804126,1
2023,37420,PCA기반,20.496750690286607,9365.02,301.79315171804126,1
2023,37420,문헌기반,25.463474424616415,9365.02,301.79315171804126,1
2023,37430,CRITIC기반,41.73052690017039,3.01,1066.0,1
2023,37430,PCA기반,27.236673228804097,3.01,1066.0,1
2023,37430,문헌기반,35.0,3.01,1066.0,1
2023,38030,CRITIC기반,49.13159946722702,30082.19,309.5221415502244,1
2023,38030,PCA기반,21.324982838586998,30082.19,309.5221415502244,1
2023,38030,문헌기반,26.416473873081177,30082.19,309.5221415502244,1
2023,38050,CRITIC기반,57.25953874856552,11157.88,352.4307085327582,1
2023,38050,PCA기반,24.738359979742082,11157.88,352.4307085327582,1
2023,38050,문헌기반,30.72346699308241,11157.88,352.4307085327582,1
2023,38060,CRITIC기반,50.00514685029753,9218.95,315.1228294069015,1
2023,38060,PCA기반,21.60355259496729,9218.95,315.1228294069015,1
2023,38060,문헌기반,26.83746472179143,9218.95,315.1228294069015,1
2023,38070,CRITIC기반,44.4919931917635,26833.58,285.35180992068746,1
2023,38070,PCA기반,19.3058502737773,26833.58,285.35180992068746,1
2023,38070,문헌기반,23.92263677451049,26833.58,285.35180992068746,1
2023,38080,CRITIC기반,42.894413693862944,8239.01,277.301965618159,1
2023,38080,PCA기반,18.531784723386135,8239.01,277.301965618159,1
2023,38080,문헌기반,23.022833929886414,8239.01,277.301965618159,1
2023,38090,CRITIC기반,57.74929829539844,17986.33,355.067248597487,1
2023,38090,PCA기반,24.987797973326785,17986.33,355.067248597487,1
2023,38090,문헌기반,31.005768710686343,17986.33,355.067248597487,1
2023,38100,CRITIC기반,46.39878166202422,17439.19,296.1322491947004,1
2023,38100,PCA기반,20.099752949277065,17439.19,296.1322491947004,1
2023,38100,문헌기반,24.939471419250705,17439.19,296.1322491947004,1
2023,38111,CRITIC기반,46.09800113283926,19143.5,293.5320942028991,1
2023,38111,PCA기반,19.96391869336934,19143.5,293.5320942028991,1
2023,38111,문헌기반,24.764800412020342,19143.5,293.5320942028991,1
2023,38112,CRITIC기반,46.451245360403,17653.73,295.4231913592005,1
2023,38112,PCA기반,20.104151896733786,17653.73,295.4231913592005,1
2023,38112,문헌기반,24.943596252278855,17653.73,295.4231913592005,1
2023,38113,CRITIC기반,51.03580523132962,12003.7,319.6836243959868,1
2023,38113,PCA기반,22.06498371333652,12003.7,319.6836243959868,1
2023,38113,문헌기반,27.40025767261771,12003.7,319.6836243959868,1
2023,38114,CRITIC기반,47.27854496785593,11294.64,299.8133468542519,1
2023,38114,PCA기반,20.428578790753775,11294.64,299.8133468542519,1
2023,38114,문헌기반,25.3715021943651,11294.64,299.8133468542519,1
2023,38115,CRITIC기반,50.966585867810586,9587.24,319.2364689179984,1
2023,38115,PCA기반,22.017159225263217,9587.24,319.2364689179984,1
2023,38115,문헌기반,27.34823238560915,9587.24,319.2364689179984,1
2023,38310,CRITIC기반,51.995542797149135,1590.33,325.7420866969475,1
2023,38310,PCA기반,22.41910487822783,1590.33,325.7420866969475,1
2023,38310,문헌기반,27.881587543215165,1590.33,325.7420866969475,1
2023,38320,CRITIC기반,50.77302960086269,4190.88,318.95845204444214,1
2023,38320,PCA기반,21.908796334764965,4190.88,318.95845204444214,1
2023,38320,문헌기반,27.2361070637258,4190.88,318.95845204444214,1
2023,38330,CRITIC기반,49.078792878437184,4127.3,310.4701174686816,1
2023,38330,PCA기반,21.192492587295693,4127.3,310.4701174686816,1
2023,38330,문헌기반,26.34482192371228,4127.3,310.4701174686816,1
2023,38340,CRITIC기반,53.34396881653552,3827.48,333.0014219679752,1
2023,38340,PCA기반,23.02146499239458,3827.48,333.0014219679752,1
2023,38340,문헌기반,28.621453931520094,3827.48,333.0014219679752,1
2023,38350,CRITIC기반,57.70971448977371,5245.65,356.0369661934493,1
2023,38350,PCA기반,24.908812700815176,5245.65,356.0369661934493,1
2023,38350,문헌기반,30.96122474095674,5245.65,356.0369661934493,1
2023,38360,CRITIC기반,53.85283727208191,4490.33,335.0125377342742,1
2023,38360,PCA기반,23.241195967994013,4490.33,335.0125377342742,1
2023,38360,문헌기반,28.88931994723195,4490.33,335.0125377342742,1
2023,38370,CRITIC기반,47.30190902041154,5338.62,299.6381188218814,1
2023,38370,PCA기반,20.410882146677984,5338.62,299.6381188218814,1
2023,38370,문헌기반,25.36709816680256,5338.62,299.6381188218814,1
2023,38380,CRITIC기반,42.80422322324615,8350.29,276.2783054883305,1
2023,38380,PCA기반,18.47951571887524,8350.29,276.2783054883305,1
2023,38380,문헌기반,22.958123002223484,8350.29,276.2783054883305,1
2023,38390,CRITIC기반,44.99498038802122,8066.18,289.0830542122092,1
2023,38390,PCA기반,19.443647003455986,8066.18,289.0830542122092,1
2023,38390,문헌기반,24.15892592386841,8066.18,289.0830542122092,1
2023,38400,CRITIC기반,49.52616909999837,4299.86,312.09519824565683,1
2023,38400,PCA기반,21.371913144984294,4299.86,312.09519824565683,1
2023,38400,문헌기반,26.565693621888144,4299.86,312.09519824565683,1
2023,39010,CRITIC기반,29.006503676532734,114981.59,202.73001833665614,1
2023,39010,PCA기반,12.881555728322512,114981.59,202.73001833665614,1
2023,39010,문헌기반,15.76291145605346,114981.59,202.73001833665614,1
2023,39020,CRITIC기반,38.701451976121014,34141.64,254.24421100640888,1
2023,39020,PCA기반,16.807853739131843,34141.64,254.24421100640888,1
2023,39020,문헌기반,20.810388655838917,34141.64,254.24421100640888,1
